run_id,scenario_id,test_id,round_number,execution_status,timestamp,runtime_sec
R000001,S0001,T0001,1,pass,2026-07-21T20:22:04+00:00,2.793
R000002,S0002,T0002,1,pass,2026-07-21T20:22:07+00:00,2.745
R000003,S0003,T0003,1,pass,2026-07-21T20:22:10+00:00,2.734
R000004,S0004,T0004,1,pass,2026-07-21T20:22:13+00:00,2.948
R000005,S0005,T0005,1,pass,2026-07-21T20:22:16+00:00,2.592
R000006,S0006,T0006,1,pass,2026-07-21T20:22:18+00:00,2.215
R000007,S0007,T0007,1,pass,2026-07-21T20:22:20+00:00,2.7
R000008,S0008,T0008,1,pass,2026-07-21T20:22:23+00:00,2.857
R000009,S0009,T0009,1,pass,2026-07-21T20:22:26+00:00,2.07
R000010,S0010,T0010,1,pass,2026-07-21T20:22:28+00:00,2.854
R000011,S0011,T0011,1,pass,2026-07-21T20:22:31+00:00,2.003
R000012,S0012,T0012,1,pass,2026-07-21T20:22:33+00:00,2.835
R000013,S0013,T0013,1,pass,2026-07-21T20:22:36+00:00,2.175
R000014,S0014,T0014,1,pass,2026-07-21T20:22:38+00:00,2.854
R000015,S0015,T0015,1,pass,2026-07-21T20:22:41+00:00,2.882
R000016,S0016,T0016,1,pass,2026-07-21T20:22:44+00:00,2.101
R000017,S0017,T0017,1,pass,2026-07-21T20:22:46+00:00,2.553
R000018,S0018,T0018,1,pass,2026-07-21T20:22:48+00:00,2.604
R000019,S0019,T0019,1,pass,2026-07-21T20:22:51+00:00,2.765
R000020,S0020,T0020,1,pass,2026-07-21T20:22:54+00:00,2.506
R000021,S0021,T0021,1,pass,2026-07-21T20:22:56+00:00,2.64
R000022,S0022,T0022,1,pass,2026-07-21T20:22:59+00:00,2.054
R000023,S0023,T0023,1,pass,2026-07-21T20:23:01+00:00,2.808
R000024,S0024,T0024,1,pass,2026-07-21T20:23:04+00:00,2.042
R000025,S0025,T0025,1,pass,2026-07-21T20:23:06+00:00,2.721
R000026,S0026,T0026,1,pass,2026-07-21T20:23:09+00:00,2.369
R000027,S0027,T0027,1,pass,2026-07-21T20:23:11+00:00,2.125
R000028,S0028,T0028,1,pass,2026-07-21T20:23:13+00:00,2.443
R000029,S0029,T0029,1,pass,2026-07-21T20:23:16+00:00,2.102
R000030,S0030,T0030,1,pass,2026-07-21T20:23:18+00:00,2.883
R000031,S0031,T0031,1,pass,2026-07-21T20:23:21+00:00,2.273
R000032,S0032,T0032,1,pass,2026-07-21T20:23:23+00:00,2.397
R000033,S0033,T0033,1,pass,2026-07-21T20:23:25+00:00,2.665
R000034,S0034,T0034,1,pass,2026-07-21T20:23:28+00:00,2.888
R000035,S0035,T0035,1,pass,2026-07-21T20:23:31+00:00,2.16
R000036,S0036,T0036,1,pass,2026-07-21T20:23:33+00:00,2.314
R000037,S0037,T0037,1,pass,2026-07-21T20:23:35+00:00,2.73
R000038,S0038,T0038,1,pass,2026-07-21T20:23:38+00:00,2.96
R000039,S0039,T0039,1,pass,2026-07-21T20:23:41+00:00,2.462
R000040,S0040,T0040,1,pass,2026-07-21T20:23:43+00:00,2.576
R000041,S0041,T0041,1,pass,2026-07-21T20:23:46+00:00,2.389
R000042,S0042,T0042,1,pass,2026-07-21T20:23:48+00:00,2.594
R000043,S0043,T0043,1,pass,2026-07-21T20:23:51+00:00,2.674
R000044,S0044,T0044,1,pass,2026-07-21T20:23:54+00:00,2.586
R000045,S0045,T0045,1,pass,2026-07-21T20:23:56+00:00,2.016
R000046,S0046,T0046,1,pass,2026-07-21T20:23:58+00:00,2.628
R000047,S0047,T0047,1,pass,2026-07-21T20:24:01+00:00,2.72
R000048,S0048,T0048,1,pass,2026-07-21T20:24:04+00:00,2.232
R000049,S0049,T0049,1,pass,2026-07-21T20:24:06+00:00,2.241
R000050,S0050,T0050,1,pass,2026-07-21T20:24:08+00:00,2.997
R000051,S0051,T0051,1,pass,2026-07-21T20:24:11+00:00,2.42
R000052,S0052,T0052,1,pass,2026-07-21T20:24:13+00:00,2.787
R000053,S0053,T0053,1,pass,2026-07-21T20:24:16+00:00,2.421
R000054,S0054,T0054,1,pass,2026-07-21T20:24:19+00:00,2.217
R000055,S0055,T0055,1,pass,2026-07-21T20:24:21+00:00,2.154
R000056,S0056,T0056,1,pass,2026-07-21T20:24:23+00:00,2.339
R000057,S0057,T0057,1,pass,2026-07-21T20:24:25+00:00,2.967
R000058,S0058,T0058,1,pass,2026-07-21T20:24:28+00:00,2.093
R000059,S0059,T0059,1,pass,2026-07-21T20:24:30+00:00,2.528
R000060,S0060,T0060,1,pass,2026-07-21T20:24:33+00:00,2.219
R000061,S0061,T0061,1,pass,2026-07-21T20:24:35+00:00,2.751
R000062,S0062,T0062,1,pass,2026-07-21T20:24:38+00:00,2.595
R000063,S0063,T0063,1,pass,2026-07-21T20:24:41+00:00,2.198
R000064,S0064,T0064,1,pass,2026-07-21T20:24:43+00:00,2.703
R000065,S0065,T0065,1,pass,2026-07-21T20:24:45+00:00,2.864
R000066,S0066,T0066,1,pass,2026-07-21T20:24:48+00:00,2.211
R000067,S0067,T0067,1,pass,2026-07-21T20:24:51+00:00,2.872
R000068,S0068,T0068,1,pass,2026-07-21T20:24:53+00:00,2.191
R000069,S0069,T0069,1,pass,2026-07-21T20:24:56+00:00,2.511
R000070,S0070,T0070,1,pass,2026-07-21T20:24:58+00:00,2.472
R000071,S0071,T0071,1,pass,2026-07-21T20:25:01+00:00,2.337
R000072,S0072,T0072,1,pass,2026-07-21T20:25:03+00:00,2.974
R000073,S0073,T0073,1,pass,2026-07-21T20:25:06+00:00,2.798
R000074,S0074,T0074,1,pass,2026-07-21T20:25:09+00:00,2.853
R000075,S0075,T0075,1,pass,2026-07-21T20:25:12+00:00,2.305
R000076,S0076,T0076,1,pass,2026-07-21T20:25:14+00:00,2.677
R000077,S0077,T0077,1,pass,2026-07-21T20:25:17+00:00,2.972
R000078,S0078,T0078,1,pass,2026-07-21T20:25:20+00:00,2.246
R000079,S0079,T0079,1,pass,2026-07-21T20:25:22+00:00,2.333
R000080,S0080,T0080,1,pass,2026-07-21T20:25:24+00:00,2.938
R000081,S0081,T0081,1,pass,2026-07-21T20:25:27+00:00,2.754
R000082,S0082,T0082,1,pass,2026-07-21T20:25:30+00:00,2.9
R000083,S0083,T0083,1,pass,2026-07-21T20:25:33+00:00,2.995
R000084,S0084,T0084,1,pass,2026-07-21T20:25:36+00:00,2.73
R000085,S0085,T0085,1,pass,2026-07-21T20:25:38+00:00,2.458
R000086,S0086,T0086,1,pass,2026-07-21T20:25:41+00:00,2.298
R000087,S0087,T0087,1,pass,2026-07-21T20:25:43+00:00,2.291
R000088,S0088,T0088,1,pass,2026-07-21T20:25:45+00:00,2.57
R000089,S0089,T0089,1,pass,2026-07-21T20:25:48+00:00,2.191
R000090,S0090,T0090,1,pass,2026-07-21T20:25:50+00:00,2.03
R000091,S0091,T0091,1,pass,2026-07-21T20:25:52+00:00,2.364
R000092,S0092,T0092,1,pass,2026-07-21T20:25:55+00:00,2.422
R000093,S0093,T0093,1,pass,2026-07-21T20:25:57+00:00,2.577
R000094,S0094,T0094,1,pass,2026-07-21T20:26:00+00:00,2.065
R000095,S0095,T0095,1,pass,2026-07-21T20:26:02+00:00,2.218
R000096,S0096,T0096,1,pass,2026-07-21T20:26:04+00:00,2.838
R000097,S0097,T0097,1,pass,2026-07-21T20:26:07+00:00,2.787
R000098,S0098,T0098,1,pass,2026-07-21T20:26:10+00:00,2.666
R000099,S0099,T0099,1,pass,2026-07-21T20:26:12+00:00,2.042
R000100,S0100,T0100,1,pass,2026-07-21T20:26:14+00:00,2.343
R000101,S0001,T0001,2,pass,2026-07-21T20:26:17+00:00,2.907
R000102,S0002,T0002,2,pass,2026-07-21T20:26:20+00:00,2.849
R000103,S0003,T0003,2,pass,2026-07-21T20:26:22+00:00,2.634
R000104,S0004,T0004,2,pass,2026-07-21T20:26:25+00:00,2.952
R000105,S0005,T0005,2,pass,2026-07-21T20:26:28+00:00,2.159
R000106,S0006,T0006,2,pass,2026-07-21T20:26:30+00:00,2.941
R000107,S0007,T0007,2,pass,2026-07-21T20:26:33+00:00,2.019
R000108,S0008,T0008,2,pass,2026-07-21T20:26:35+00:00,2.511
R000109,S0009,T0009,2,pass,2026-07-21T20:26:38+00:00,2.193
R000110,S0010,T0010,2,pass,2026-07-21T20:26:40+00:00,2.182
R000111,S0011,T0011,2,pass,2026-07-21T20:26:42+00:00,2.379
R000112,S0012,T0012,2,pass,2026-07-21T20:26:44+00:00,2.132
R000113,S0013,T0013,2,pass,2026-07-21T20:26:46+00:00,2.126
R000114,S0014,T0014,2,pass,2026-07-21T20:26:49+00:00,2.645
R000115,S0015,T0015,2,pass,2026-07-21T20:26:51+00:00,2.208
R000116,S0016,T0016,2,pass,2026-07-21T20:26:53+00:00,2.51
R000117,S0017,T0017,2,pass,2026-07-21T20:26:56+00:00,2.226
R000118,S0018,T0018,2,pass,2026-07-21T20:26:58+00:00,2.93
R000119,S0019,T0019,2,pass,2026-07-21T20:27:01+00:00,2.562
R000120,S0020,T0020,2,pass,2026-07-21T20:27:04+00:00,2.684
R000121,S0021,T0021,2,pass,2026-07-21T20:27:06+00:00,2.877
R000122,S0022,T0022,2,pass,2026-07-21T20:27:09+00:00,2.018
R000123,S0023,T0023,2,pass,2026-07-21T20:27:11+00:00,2.518
R000124,S0024,T0024,2,pass,2026-07-21T20:27:14+00:00,2.128
R000125,S0025,T0025,2,pass,2026-07-21T20:27:16+00:00,2.831
R000126,S0026,T0026,2,pass,2026-07-21T20:27:19+00:00,2.273
R000127,S0027,T0027,2,pass,2026-07-21T20:27:21+00:00,2.473
R000128,S0028,T0028,2,pass,2026-07-21T20:27:24+00:00,2.918
R000129,S0029,T0029,2,pass,2026-07-21T20:27:26+00:00,2.62
R000130,S0030,T0030,2,pass,2026-07-21T20:27:29+00:00,2.015
R000131,S0031,T0031,2,pass,2026-07-21T20:27:31+00:00,2.745
R000132,S0032,T0032,2,pass,2026-07-21T20:27:34+00:00,2.909
R000133,S0033,T0033,2,pass,2026-07-21T20:27:37+00:00,2.219
R000134,S0034,T0034,2,pass,2026-07-21T20:27:39+00:00,2.144
R000135,S0035,T0035,2,pass,2026-07-21T20:27:41+00:00,2.746
R000136,S0036,T0036,2,pass,2026-07-21T20:27:44+00:00,2.917
R000137,S0037,T0037,2,pass,2026-07-21T20:27:47+00:00,2.767
R000138,S0038,T0038,2,pass,2026-07-21T20:27:50+00:00,2.86
R000139,S0039,T0039,2,pass,2026-07-21T20:27:52+00:00,2.004
R000140,S0040,T0040,2,pass,2026-07-21T20:27:54+00:00,2.807
R000141,S0041,T0041,2,pass,2026-07-21T20:27:57+00:00,2.66
R000142,S0042,T0042,2,pass,2026-07-21T20:28:00+00:00,2.726
R000143,S0043,T0043,2,pass,2026-07-21T20:28:03+00:00,2.293
R000144,S0044,T0044,2,pass,2026-07-21T20:28:05+00:00,2.948
R000145,S0045,T0045,2,pass,2026-07-21T20:28:08+00:00,2.636
R000146,S0046,T0046,2,pass,2026-07-21T20:28:10+00:00,2.671
R000147,S0047,T0047,2,pass,2026-07-21T20:28:13+00:00,2.212
R000148,S0048,T0048,2,pass,2026-07-21T20:28:15+00:00,2.239
R000149,S0049,T0049,2,pass,2026-07-21T20:28:18+00:00,2.381
R000150,S0050,T0050,2,pass,2026-07-21T20:28:20+00:00,2.738
R000151,S0051,T0051,2,pass,2026-07-21T20:28:23+00:00,2.133
R000152,S0052,T0052,2,pass,2026-07-21T20:28:25+00:00,2.436
R000153,S0053,T0053,2,pass,2026-07-21T20:28:27+00:00,2.646
R000154,S0054,T0054,2,pass,2026-07-21T20:28:30+00:00,2.405
R000155,S0055,T0055,2,pass,2026-07-21T20:28:32+00:00,2.574
R000156,S0056,T0056,2,pass,2026-07-21T20:28:35+00:00,2.094
R000157,S0057,T0057,2,pass,2026-07-21T20:28:37+00:00,2.368
R000158,S0058,T0058,2,pass,2026-07-21T20:28:39+00:00,2.71
R000159,S0059,T0059,2,pass,2026-07-21T20:28:42+00:00,2.371
R000160,S0060,T0060,2,pass,2026-07-21T20:28:44+00:00,2.484
R000161,S0061,T0061,2,pass,2026-07-21T20:28:47+00:00,2.866
R000162,S0062,T0062,2,pass,2026-07-21T20:28:50+00:00,2.529
R000163,S0063,T0063,2,pass,2026-07-21T20:28:52+00:00,2.11
R000164,S0064,T0064,2,pass,2026-07-21T20:28:55+00:00,2.811
R000165,S0065,T0065,2,pass,2026-07-21T20:28:57+00:00,2.576
R000166,S0066,T0066,2,pass,2026-07-21T20:29:00+00:00,2.181
R000167,S0067,T0067,2,pass,2026-07-21T20:29:02+00:00,2.215
R000168,S0068,T0068,2,pass,2026-07-21T20:29:04+00:00,2.819
R000169,S0069,T0069,2,pass,2026-07-21T20:29:07+00:00,2.026
R000170,S0070,T0070,2,pass,2026-07-21T20:29:09+00:00,2.816
R000171,S0071,T0071,2,pass,2026-07-21T20:29:12+00:00,2.235
R000172,S0072,T0072,2,pass,2026-07-21T20:29:14+00:00,2.28
R000173,S0073,T0073,2,pass,2026-07-21T20:29:17+00:00,2.857
R000174,S0074,T0074,2,pass,2026-07-21T20:29:19+00:00,2.322
R000175,S0075,T0075,2,pass,2026-07-21T20:29:22+00:00,2.771
R000176,S0076,T0076,2,pass,2026-07-21T20:29:24+00:00,2.973
R000177,S0077,T0077,2,pass,2026-07-21T20:29:27+00:00,2.382
R000178,S0078,T0078,2,pass,2026-07-21T20:29:30+00:00,2.51
R000179,S0079,T0079,2,pass,2026-07-21T20:29:32+00:00,2.546
R000180,S0080,T0080,2,pass,2026-07-21T20:29:35+00:00,2.489
R000181,S0081,T0081,2,pass,2026-07-21T20:29:37+00:00,2.382
R000182,S0082,T0082,2,pass,2026-07-21T20:29:40+00:00,2.294
R000183,S0083,T0083,2,pass,2026-07-21T20:29:42+00:00,2.118
R000184,S0084,T0084,2,pass,2026-07-21T20:29:44+00:00,2.357
R000185,S0085,T0085,2,pass,2026-07-21T20:29:47+00:00,2.355
R000186,S0086,T0086,2,pass,2026-07-21T20:29:49+00:00,2.007
R000187,S0087,T0087,2,pass,2026-07-21T20:29:51+00:00,2.048
R000188,S0088,T0088,2,pass,2026-07-21T20:29:53+00:00,2.203
R000189,S0089,T0089,2,pass,2026-07-21T20:29:55+00:00,2.055
R000190,S0090,T0090,2,pass,2026-07-21T20:29:57+00:00,2.99
R000191,S0091,T0091,2,pass,2026-07-21T20:30:00+00:00,2.177
R000192,S0092,T0092,2,pass,2026-07-21T20:30:02+00:00,2.556
R000193,S0093,T0093,2,pass,2026-07-21T20:30:05+00:00,2.843
R000194,S0094,T0094,2,pass,2026-07-21T20:30:08+00:00,2.439
R000195,S0095,T0095,2,pass,2026-07-21T20:30:10+00:00,2.081
R000196,S0096,T0096,2,pass,2026-07-21T20:30:12+00:00,2.205
R000197,S0097,T0097,2,pass,2026-07-21T20:30:15+00:00,2.857
R000198,S0098,T0098,2,pass,2026-07-21T20:30:17+00:00,2.34
R000199,S0099,T0099,2,pass,2026-07-21T20:30:20+00:00,2.066
R000200,S0100,T0100,2,pass,2026-07-21T20:30:22+00:00,2.381
R000201,S0001,T0001,3,pass,2026-07-21T20:30:24+00:00,2.508
R000202,S0002,T0002,3,pass,2026-07-21T20:30:27+00:00,2.302
R000203,S0003,T0003,3,pass,2026-07-21T20:30:29+00:00,2.215
R000204,S0004,T0004,3,pass,2026-07-21T20:30:31+00:00,2.087
R000205,S0005,T0005,3,pass,2026-07-21T20:30:33+00:00,2.573
R000206,S0006,T0006,3,pass,2026-07-21T20:30:36+00:00,2.712
R000207,S0007,T0007,3,pass,2026-07-21T20:30:39+00:00,2.316
R000208,S0008,T0008,3,pass,2026-07-21T20:30:41+00:00,2.781
R000209,S0009,T0009,3,pass,2026-07-21T20:30:44+00:00,2.577
R000210,S0010,T0010,3,pass,2026-07-21T20:30:46+00:00,2.455
R000211,S0011,T0011,3,pass,2026-07-21T20:30:49+00:00,2.796
R000212,S0012,T0012,3,pass,2026-07-21T20:30:52+00:00,2.644
R000213,S0013,T0013,3,pass,2026-07-21T20:30:54+00:00,2.273
R000214,S0014,T0014,3,pass,2026-07-21T20:30:56+00:00,2.694
R000215,S0015,T0015,3,pass,2026-07-21T20:30:59+00:00,2.101
R000216,S0016,T0016,3,pass,2026-07-21T20:31:01+00:00,2.962
R000217,S0017,T0017,3,pass,2026-07-21T20:31:04+00:00,2.705
R000218,S0018,T0018,3,pass,2026-07-21T20:31:07+00:00,2.917
R000219,S0019,T0019,3,pass,2026-07-21T20:31:10+00:00,2.03
R000220,S0020,T0020,3,pass,2026-07-21T20:31:12+00:00,2.979
R000221,S0021,T0021,3,pass,2026-07-21T20:31:15+00:00,2.352
R000222,S0022,T0022,3,pass,2026-07-21T20:31:17+00:00,2.398
R000223,S0023,T0023,3,pass,2026-07-21T20:31:20+00:00,2.228
R000224,S0024,T0024,3,pass,2026-07-21T20:31:22+00:00,2.115
R000225,S0025,T0025,3,pass,2026-07-21T20:31:24+00:00,2.591
R000226,S0026,T0026,3,pass,2026-07-21T20:31:27+00:00,2.428
R000227,S0027,T0027,3,pass,2026-07-21T20:31:29+00:00,2.241
R000228,S0028,T0028,3,pass,2026-07-21T20:31:31+00:00,2.128
R000229,S0029,T0029,3,pass,2026-07-21T20:31:33+00:00,2.734
R000230,S0030,T0030,3,pass,2026-07-21T20:31:36+00:00,2.729
R000231,S0031,T0031,3,pass,2026-07-21T20:31:39+00:00,2.705
R000232,S0032,T0032,3,pass,2026-07-21T20:31:42+00:00,2.555
R000233,S0033,T0033,3,pass,2026-07-21T20:31:44+00:00,2.46
R000234,S0034,T0034,3,pass,2026-07-21T20:31:47+00:00,2.533
R000235,S0035,T0035,3,pass,2026-07-21T20:31:49+00:00,2.19
R000236,S0036,T0036,3,pass,2026-07-21T20:31:51+00:00,2.648
R000237,S0037,T0037,3,pass,2026-07-21T20:31:54+00:00,2.295
R000238,S0038,T0038,3,pass,2026-07-21T20:31:56+00:00,2.364
R000239,S0039,T0039,3,pass,2026-07-21T20:31:59+00:00,2.684
R000240,S0040,T0040,3,pass,2026-07-21T20:32:01+00:00,2.873
R000241,S0041,T0041,3,pass,2026-07-21T20:32:04+00:00,2.501
R000242,S0042,T0042,3,pass,2026-07-21T20:32:07+00:00,2.592
R000243,S0043,T0043,3,pass,2026-07-21T20:32:09+00:00,2.991
R000244,S0044,T0044,3,pass,2026-07-21T20:32:12+00:00,2.697
R000245,S0045,T0045,3,pass,2026-07-21T20:32:15+00:00,2.473
R000246,S0046,T0046,3,pass,2026-07-21T20:32:17+00:00,2.065
R000247,S0047,T0047,3,pass,2026-07-21T20:32:19+00:00,2.275
R000248,S0048,T0048,3,pass,2026-07-21T20:32:22+00:00,2.089
R000249,S0049,T0049,3,pass,2026-07-21T20:32:24+00:00,2.478
R000250,S0050,T0050,3,pass,2026-07-21T20:32:26+00:00,2.58
R000251,S0051,T0051,3,pass,2026-07-21T20:32:29+00:00,2.283
R000252,S0052,T0052,3,pass,2026-07-21T20:32:31+00:00,2.836
R000253,S0053,T0053,3,pass,2026-07-21T20:32:34+00:00,2.298
R000254,S0054,T0054,3,pass,2026-07-21T20:32:36+00:00,2.814
R000255,S0055,T0055,3,pass,2026-07-21T20:32:39+00:00,2.17
R000256,S0056,T0056,3,pass,2026-07-21T20:32:41+00:00,2.177
R000257,S0057,T0057,3,pass,2026-07-21T20:32:43+00:00,2.932
R000258,S0058,T0058,3,pass,2026-07-21T20:32:46+00:00,2.598
R000259,S0059,T0059,3,pass,2026-07-21T20:32:49+00:00,2.579
R000260,S0060,T0060,3,pass,2026-07-21T20:32:52+00:00,2.254
R000261,S0061,T0061,3,pass,2026-07-21T20:32:54+00:00,2.739
R000262,S0062,T0062,3,pass,2026-07-21T20:32:57+00:00,2.038
R000263,S0063,T0063,3,pass,2026-07-21T20:32:59+00:00,2.759
R000264,S0064,T0064,3,pass,2026-07-21T20:33:01+00:00,2.322
R000265,S0065,T0065,3,pass,2026-07-21T20:33:04+00:00,2.326
R000266,S0066,T0066,3,pass,2026-07-21T20:33:06+00:00,2.657
R000267,S0067,T0067,3,pass,2026-07-21T20:33:09+00:00,2.23
R000268,S0068,T0068,3,pass,2026-07-21T20:33:11+00:00,2.616
R000269,S0069,T0069,3,pass,2026-07-21T20:33:14+00:00,2.785
R000270,S0070,T0070,3,pass,2026-07-21T20:33:16+00:00,2.346
R000271,S0071,T0071,3,pass,2026-07-21T20:33:19+00:00,2.439
R000272,S0072,T0072,3,pass,2026-07-21T20:33:21+00:00,2.366
R000273,S0073,T0073,3,pass,2026-07-21T20:33:24+00:00,2.922
R000274,S0074,T0074,3,pass,2026-07-21T20:33:26+00:00,2.371
R000275,S0075,T0075,3,pass,2026-07-21T20:33:29+00:00,2.229
R000276,S0076,T0076,3,pass,2026-07-21T20:33:31+00:00,2.517
R000277,S0077,T0077,3,pass,2026-07-21T20:33:34+00:00,2.022
R000278,S0078,T0078,3,pass,2026-07-21T20:33:36+00:00,2.002
R000279,S0079,T0079,3,pass,2026-07-21T20:33:38+00:00,2.806
R000280,S0080,T0080,3,pass,2026-07-21T20:33:40+00:00,2.541
R000281,S0081,T0081,3,pass,2026-07-21T20:33:43+00:00,2.963
R000282,S0082,T0082,3,pass,2026-07-21T20:33:46+00:00,2.9
R000283,S0083,T0083,3,pass,2026-07-21T20:33:49+00:00,2.911
R000284,S0084,T0084,3,pass,2026-07-21T20:33:52+00:00,2.661
R000285,S0085,T0085,3,pass,2026-07-21T20:33:54+00:00,2.896
R000286,S0086,T0086,3,pass,2026-07-21T20:33:57+00:00,2.076
R000287,S0087,T0087,3,pass,2026-07-21T20:33:59+00:00,2.274
R000288,S0088,T0088,3,pass,2026-07-21T20:34:02+00:00,2.439
R000289,S0089,T0089,3,pass,2026-07-21T20:34:04+00:00,2.315
R000290,S0090,T0090,3,pass,2026-07-21T20:34:06+00:00,2.379
R000291,S0091,T0091,3,pass,2026-07-21T20:34:09+00:00,2.142
R000292,S0092,T0092,3,pass,2026-07-21T20:34:11+00:00,2.404
R000293,S0093,T0093,3,pass,2026-07-21T20:34:13+00:00,2.253
R000294,S0094,T0094,3,pass,2026-07-21T20:34:16+00:00,2.309
R000295,S0095,T0095,3,pass,2026-07-21T20:34:18+00:00,2.708
R000296,S0096,T0096,3,pass,2026-07-21T20:34:21+00:00,2.515
R000297,S0097,T0097,3,pass,2026-07-21T20:34:23+00:00,2.082
R000298,S0098,T0098,3,pass,2026-07-21T20:34:25+00:00,2.941
R000299,S0099,T0099,3,pass,2026-07-21T20:34:28+00:00,2.177
R000300,S0100,T0100,3,pass,2026-07-21T20:34:30+00:00,2.114
R000301,S0001,T0001,4,pass,2026-07-21T20:34:32+00:00,2.798
R000302,S0002,T0002,4,pass,2026-07-21T20:34:35+00:00,2.353
R000303,S0003,T0003,4,pass,2026-07-21T20:34:38+00:00,2.016
R000304,S0004,T0004,4,pass,2026-07-21T20:34:40+00:00,2.824
R000305,S0005,T0005,4,pass,2026-07-21T20:34:42+00:00,2.022
R000306,S0006,T0006,4,pass,2026-07-21T20:34:44+00:00,2.718
R000307,S0007,T0007,4,pass,2026-07-21T20:34:47+00:00,2.69
R000308,S0008,T0008,4,pass,2026-07-21T20:34:50+00:00,2.897
R000309,S0009,T0009,4,pass,2026-07-21T20:34:53+00:00,2.061
R000310,S0010,T0010,4,pass,2026-07-21T20:34:55+00:00,2.635
R000311,S0011,T0011,4,pass,2026-07-21T20:34:57+00:00,2.939
R000312,S0012,T0012,4,pass,2026-07-21T20:35:00+00:00,2.187
R000313,S0013,T0013,4,pass,2026-07-21T20:35:03+00:00,2.284
R000314,S0014,T0014,4,pass,2026-07-21T20:35:05+00:00,2.627
R000315,S0015,T0015,4,pass,2026-07-21T20:35:08+00:00,2.221
R000316,S0016,T0016,4,pass,2026-07-21T20:35:10+00:00,2.639
R000317,S0017,T0017,4,pass,2026-07-21T20:35:12+00:00,2.537
R000318,S0018,T0018,4,pass,2026-07-21T20:35:15+00:00,2.821
R000319,S0019,T0019,4,pass,2026-07-21T20:35:18+00:00,2.309
R000320,S0020,T0020,4,pass,2026-07-21T20:35:20+00:00,2.883
R000321,S0021,T0021,4,pass,2026-07-21T20:35:23+00:00,2.288
R000322,S0022,T0022,4,pass,2026-07-21T20:35:25+00:00,2.924
R000323,S0023,T0023,4,pass,2026-07-21T20:35:28+00:00,2.674
R000324,S0024,T0024,4,pass,2026-07-21T20:35:31+00:00,2.252
R000325,S0025,T0025,4,pass,2026-07-21T20:35:33+00:00,2.965
R000326,S0026,T0026,4,pass,2026-07-21T20:35:36+00:00,2.043
R000327,S0027,T0027,4,pass,2026-07-21T20:35:38+00:00,2.574
R000328,S0028,T0028,4,pass,2026-07-21T20:35:41+00:00,2.536
R000329,S0029,T0029,4,pass,2026-07-21T20:35:43+00:00,2.247
R000330,S0030,T0030,4,pass,2026-07-21T20:35:45+00:00,2.571
R000331,S0031,T0031,4,pass,2026-07-21T20:35:48+00:00,2.62
R000332,S0032,T0032,4,pass,2026-07-21T20:35:51+00:00,2.603
R000333,S0033,T0033,4,pass,2026-07-21T20:35:53+00:00,2.692
R000334,S0034,T0034,4,pass,2026-07-21T20:35:56+00:00,2.378
R000335,S0035,T0035,4,pass,2026-07-21T20:35:58+00:00,2.102
R000336,S0036,T0036,4,pass,2026-07-21T20:36:00+00:00,2.467
R000337,S0037,T0037,4,pass,2026-07-21T20:36:03+00:00,2.973
R000338,S0038,T0038,4,pass,2026-07-21T20:36:06+00:00,2.405
R000339,S0039,T0039,4,pass,2026-07-21T20:36:08+00:00,2.772
R000340,S0040,T0040,4,pass,2026-07-21T20:36:11+00:00,2.828
R000341,S0041,T0041,4,pass,2026-07-21T20:36:14+00:00,2.858
R000342,S0042,T0042,4,pass,2026-07-21T20:36:17+00:00,2.843
R000343,S0043,T0043,4,pass,2026-07-21T20:36:20+00:00,2.958
R000344,S0044,T0044,4,pass,2026-07-21T20:36:23+00:00,2.223
R000345,S0045,T0045,4,pass,2026-07-21T20:36:25+00:00,2.198
R000346,S0046,T0046,4,pass,2026-07-21T20:36:27+00:00,2.346
R000347,S0047,T0047,4,pass,2026-07-21T20:36:29+00:00,2.487
R000348,S0048,T0048,4,pass,2026-07-21T20:36:32+00:00,2.642
R000349,S0049,T0049,4,pass,2026-07-21T20:36:34+00:00,2.886
R000350,S0050,T0050,4,pass,2026-07-21T20:36:37+00:00,2.523
R000351,S0051,T0051,4,pass,2026-07-21T20:36:40+00:00,2.652
R000352,S0052,T0052,4,pass,2026-07-21T20:36:43+00:00,2.041
R000353,S0053,T0053,4,pass,2026-07-21T20:36:45+00:00,2.971
R000354,S0054,T0054,4,pass,2026-07-21T20:36:48+00:00,2.567
R000355,S0055,T0055,4,pass,2026-07-21T20:36:50+00:00,2.198
R000356,S0056,T0056,4,pass,2026-07-21T20:36:52+00:00,2.788
R000357,S0057,T0057,4,pass,2026-07-21T20:36:55+00:00,2.463
R000358,S0058,T0058,4,pass,2026-07-21T20:36:58+00:00,2.402
R000359,S0059,T0059,4,pass,2026-07-21T20:37:00+00:00,2.201
R000360,S0060,T0060,4,pass,2026-07-21T20:37:02+00:00,2.615
R000361,S0061,T0061,4,pass,2026-07-21T20:37:05+00:00,2.99
R000362,S0062,T0062,4,pass,2026-07-21T20:37:08+00:00,2.148
R000363,S0063,T0063,4,pass,2026-07-21T20:37:10+00:00,2.682
R000364,S0064,T0064,4,pass,2026-07-21T20:37:13+00:00,2.507
R000365,S0065,T0065,4,pass,2026-07-21T20:37:15+00:00,2.457
R000366,S0066,T0066,4,pass,2026-07-21T20:37:18+00:00,2.122
R000367,S0067,T0067,4,pass,2026-07-21T20:37:20+00:00,2.825
R000368,S0068,T0068,4,pass,2026-07-21T20:37:23+00:00,2.12
R000369,S0069,T0069,4,pass,2026-07-21T20:37:25+00:00,2.835
R000370,S0070,T0070,4,pass,2026-07-21T20:37:27+00:00,2.585
R000371,S0071,T0071,4,pass,2026-07-21T20:37:30+00:00,2.166
R000372,S0072,T0072,4,pass,2026-07-21T20:37:32+00:00,2.5
R000373,S0073,T0073,4,pass,2026-07-21T20:37:35+00:00,2.44
R000374,S0074,T0074,4,pass,2026-07-21T20:37:37+00:00,2.034
R000375,S0075,T0075,4,pass,2026-07-21T20:37:39+00:00,2.308
R000376,S0076,T0076,4,pass,2026-07-21T20:37:42+00:00,2.366
R000377,S0077,T0077,4,pass,2026-07-21T20:37:44+00:00,2.617
R000378,S0078,T0078,4,pass,2026-07-21T20:37:47+00:00,2.855
R000379,S0079,T0079,4,pass,2026-07-21T20:37:49+00:00,2.302
R000380,S0080,T0080,4,pass,2026-07-21T20:37:52+00:00,2.557
R000381,S0081,T0081,4,pass,2026-07-21T20:37:54+00:00,2.387
R000382,S0082,T0082,4,pass,2026-07-21T20:37:57+00:00,2.389
R000383,S0083,T0083,4,pass,2026-07-21T20:37:59+00:00,2.439
R000384,S0084,T0084,4,pass,2026-07-21T20:38:01+00:00,2.209
R000385,S0085,T0085,4,pass,2026-07-21T20:38:04+00:00,2.973
R000386,S0086,T0086,4,pass,2026-07-21T20:38:07+00:00,2.533
R000387,S0087,T0087,4,pass,2026-07-21T20:38:09+00:00,2.695
R000388,S0088,T0088,4,pass,2026-07-21T20:38:12+00:00,2.749
R000389,S0089,T0089,4,pass,2026-07-21T20:38:15+00:00,2.538
R000390,S0090,T0090,4,pass,2026-07-21T20:38:17+00:00,2.123
R000391,S0091,T0091,4,pass,2026-07-21T20:38:19+00:00,2.674
R000392,S0092,T0092,4,pass,2026-07-21T20:38:22+00:00,2.556
R000393,S0093,T0093,4,pass,2026-07-21T20:38:25+00:00,2.008
R000394,S0094,T0094,4,pass,2026-07-21T20:38:27+00:00,2.948
R000395,S0095,T0095,4,pass,2026-07-21T20:38:29+00:00,2.012
R000396,S0096,T0096,4,pass,2026-07-21T20:38:32+00:00,2.791
R000397,S0097,T0097,4,pass,2026-07-21T20:38:34+00:00,2.419
R000398,S0098,T0098,4,pass,2026-07-21T20:38:37+00:00,2.004
R000399,S0099,T0099,4,pass,2026-07-21T20:38:39+00:00,2.773
R000400,S0100,T0100,4,pass,2026-07-21T20:38:41+00:00,2.651
R000401,S0001,T0001,5,pass,2026-07-21T20:38:44+00:00,2.592
R000402,S0002,T0002,5,pass,2026-07-21T20:38:47+00:00,2.589
R000403,S0003,T0003,5,pass,2026-07-21T20:38:49+00:00,2.924
R000404,S0004,T0004,5,pass,2026-07-21T20:38:52+00:00,2.705
R000405,S0005,T0005,5,pass,2026-07-21T20:38:55+00:00,2.863
R000406,S0006,T0006,5,pass,2026-07-21T20:38:58+00:00,2.293
R000407,S0007,T0007,5,pass,2026-07-21T20:39:00+00:00,2.661
R000408,S0008,T0008,5,pass,2026-07-21T20:39:03+00:00,2.034
R000409,S0009,T0009,5,pass,2026-07-21T20:39:05+00:00,2.551
R000410,S0010,T0010,5,pass,2026-07-21T20:39:07+00:00,2.918
R000411,S0011,T0011,5,pass,2026-07-21T20:39:10+00:00,2.97
R000412,S0012,T0012,5,pass,2026-07-21T20:39:13+00:00,2.758
R000413,S0013,T0013,5,pass,2026-07-21T20:39:16+00:00,2.186
R000414,S0014,T0014,5,pass,2026-07-21T20:39:18+00:00,2.294
R000415,S0015,T0015,5,pass,2026-07-21T20:39:21+00:00,2.174
R000416,S0016,T0016,5,pass,2026-07-21T20:39:23+00:00,2.552
R000417,S0017,T0017,5,pass,2026-07-21T20:39:25+00:00,2.066
R000418,S0018,T0018,5,pass,2026-07-21T20:39:27+00:00,2.805
R000419,S0019,T0019,5,pass,2026-07-21T20:39:30+00:00,2.966
R000420,S0020,T0020,5,pass,2026-07-21T20:39:33+00:00,2.705
R000421,S0021,T0021,5,pass,2026-07-21T20:39:36+00:00,2.955
R000422,S0022,T0022,5,pass,2026-07-21T20:39:39+00:00,2.978
R000423,S0023,T0023,5,pass,2026-07-21T20:39:42+00:00,2.112
R000424,S0024,T0024,5,pass,2026-07-21T20:39:44+00:00,2.303
R000425,S0025,T0025,5,pass,2026-07-21T20:39:46+00:00,2.409
R000426,S0026,T0026,5,pass,2026-07-21T20:39:49+00:00,2.33
R000427,S0027,T0027,5,pass,2026-07-21T20:39:51+00:00,2.784
R000428,S0028,T0028,5,pass,2026-07-21T20:39:54+00:00,2.223
R000429,S0029,T0029,5,pass,2026-07-21T20:39:56+00:00,2.608
R000430,S0030,T0030,5,pass,2026-07-21T20:39:59+00:00,2.867
R000431,S0031,T0031,5,pass,2026-07-21T20:40:01+00:00,2.536
R000432,S0032,T0032,5,pass,2026-07-21T20:40:04+00:00,2.158
R000433,S0033,T0033,5,pass,2026-07-21T20:40:06+00:00,2.537
R000434,S0034,T0034,5,pass,2026-07-21T20:40:09+00:00,2.515
R000435,S0035,T0035,5,pass,2026-07-21T20:40:11+00:00,2.684
R000436,S0036,T0036,5,pass,2026-07-21T20:40:14+00:00,2.725
R000437,S0037,T0037,5,pass,2026-07-21T20:40:17+00:00,2.841
R000438,S0038,T0038,5,pass,2026-07-21T20:40:19+00:00,2.297
R000439,S0039,T0039,5,pass,2026-07-21T20:40:22+00:00,2.773
R000440,S0040,T0040,5,pass,2026-07-21T20:40:24+00:00,2.13
R000441,S0041,T0041,5,pass,2026-07-21T20:40:27+00:00,2.665
R000442,S0042,T0042,5,pass,2026-07-21T20:40:29+00:00,2.153
R000443,S0043,T0043,5,pass,2026-07-21T20:40:31+00:00,2.255
R000444,S0044,T0044,5,pass,2026-07-21T20:40:34+00:00,2.252
R000445,S0045,T0045,5,pass,2026-07-21T20:40:36+00:00,2.804
R000446,S0046,T0046,5,pass,2026-07-21T20:40:39+00:00,2.526
R000447,S0047,T0047,5,pass,2026-07-21T20:40:41+00:00,2.94
R000448,S0048,T0048,5,pass,2026-07-21T20:40:44+00:00,2.628
R000449,S0049,T0049,5,pass,2026-07-21T20:40:47+00:00,2.871
R000450,S0050,T0050,5,pass,2026-07-21T20:40:50+00:00,2.015
R000451,S0051,T0051,5,pass,2026-07-21T20:40:52+00:00,2.116
R000452,S0052,T0052,5,pass,2026-07-21T20:40:54+00:00,2.664
R000453,S0053,T0053,5,pass,2026-07-21T20:40:57+00:00,2.263
R000454,S0054,T0054,5,pass,2026-07-21T20:40:59+00:00,2.619
R000455,S0055,T0055,5,pass,2026-07-21T20:41:01+00:00,2.058
R000456,S0056,T0056,5,pass,2026-07-21T20:41:03+00:00,2.845
R000457,S0057,T0057,5,pass,2026-07-21T20:41:06+00:00,2.975
R000458,S0058,T0058,5,pass,2026-07-21T20:41:09+00:00,2.421
R000459,S0059,T0059,5,pass,2026-07-21T20:41:12+00:00,2.994
R000460,S0060,T0060,5,pass,2026-07-21T20:41:15+00:00,2.346
R000461,S0061,T0061,5,pass,2026-07-21T20:41:17+00:00,2.794
R000462,S0062,T0062,5,pass,2026-07-21T20:41:20+00:00,2.149
R000463,S0063,T0063,5,pass,2026-07-21T20:41:22+00:00,2.629
R000464,S0064,T0064,5,pass,2026-07-21T20:41:25+00:00,2.252
R000465,S0065,T0065,5,pass,2026-07-21T20:41:27+00:00,2.105
R000466,S0066,T0066,5,pass,2026-07-21T20:41:29+00:00,2.983
R000467,S0067,T0067,5,pass,2026-07-21T20:41:32+00:00,2.562
R000468,S0068,T0068,5,pass,2026-07-21T20:41:35+00:00,2.653
R000469,S0069,T0069,5,pass,2026-07-21T20:41:37+00:00,2.495
R000470,S0070,T0070,5,pass,2026-07-21T20:41:40+00:00,2.795
R000471,S0071,T0071,5,pass,2026-07-21T20:41:42+00:00,2.017
R000472,S0072,T0072,5,pass,2026-07-21T20:41:44+00:00,2.108
R000473,S0073,T0073,5,pass,2026-07-21T20:41:47+00:00,2.49
R000474,S0074,T0074,5,pass,2026-07-21T20:41:49+00:00,2.878
R000475,S0075,T0075,5,pass,2026-07-21T20:41:52+00:00,2.983
R000476,S0076,T0076,5,pass,2026-07-21T20:41:55+00:00,2.595
R000477,S0077,T0077,5,pass,2026-07-21T20:41:58+00:00,2.791
R000478,S0078,T0078,5,pass,2026-07-21T20:42:00+00:00,2.178
R000479,S0079,T0079,5,pass,2026-07-21T20:42:03+00:00,2.379
R000480,S0080,T0080,5,pass,2026-07-21T20:42:05+00:00,2.291
R000481,S0081,T0081,5,pass,2026-07-21T20:42:07+00:00,2.923
R000482,S0082,T0082,5,pass,2026-07-21T20:42:10+00:00,2.272
R000483,S0083,T0083,5,pass,2026-07-21T20:42:12+00:00,2.149
R000484,S0084,T0084,5,pass,2026-07-21T20:42:15+00:00,2.298
R000485,S0085,T0085,5,pass,2026-07-21T20:42:17+00:00,2.357
R000486,S0086,T0086,5,pass,2026-07-21T20:42:19+00:00,2.67
R000487,S0087,T0087,5,pass,2026-07-21T20:42:22+00:00,2.392
R000488,S0088,T0088,5,pass,2026-07-21T20:42:24+00:00,2.907
R000489,S0089,T0089,5,pass,2026-07-21T20:42:27+00:00,2.527
R000490,S0090,T0090,5,pass,2026-07-21T20:42:30+00:00,2.362
R000491,S0091,T0091,5,pass,2026-07-21T20:42:32+00:00,2.904
R000492,S0092,T0092,5,pass,2026-07-21T20:42:35+00:00,2.702
R000493,S0093,T0093,5,pass,2026-07-21T20:42:38+00:00,2.037
R000494,S0094,T0094,5,pass,2026-07-21T20:42:40+00:00,2.961
R000495,S0095,T0095,5,pass,2026-07-21T20:42:43+00:00,2.472
R000496,S0096,T0096,5,pass,2026-07-21T20:42:45+00:00,2.165
R000497,S0097,T0097,5,pass,2026-07-21T20:42:47+00:00,2.588
R000498,S0098,T0098,5,pass,2026-07-21T20:42:50+00:00,2.53
R000499,S0099,T0099,5,pass,2026-07-21T20:42:52+00:00,2.887
R000500,S0100,T0100,5,pass,2026-07-21T20:42:55+00:00,2.398
R000501,S0001,T0001,6,pass,2026-07-21T20:42:58+00:00,2.386
R000502,S0002,T0002,6,pass,2026-07-21T20:43:00+00:00,2.108
R000503,S0003,T0003,6,pass,2026-07-21T20:43:02+00:00,2.834
R000504,S0004,T0004,6,pass,2026-07-21T20:43:05+00:00,2.138
R000505,S0005,T0005,6,pass,2026-07-21T20:43:07+00:00,2.357
R000506,S0006,T0006,6,pass,2026-07-21T20:43:10+00:00,2.664
R000507,S0007,T0007,6,pass,2026-07-21T20:43:12+00:00,2.937
R000508,S0008,T0008,6,pass,2026-07-21T20:43:15+00:00,2.051
R000509,S0009,T0009,6,pass,2026-07-21T20:43:17+00:00,2.645
R000510,S0010,T0010,6,pass,2026-07-21T20:43:20+00:00,2.369
R000511,S0011,T0011,6,pass,2026-07-21T20:43:22+00:00,2.691
R000512,S0012,T0012,6,pass,2026-07-21T20:43:25+00:00,2.529
R000513,S0013,T0013,6,pass,2026-07-21T20:43:27+00:00,2.726
R000514,S0014,T0014,6,pass,2026-07-21T20:43:30+00:00,2.293
R000515,S0015,T0015,6,pass,2026-07-21T20:43:33+00:00,2.834
R000516,S0016,T0016,6,pass,2026-07-21T20:43:35+00:00,2.572
R000517,S0017,T0017,6,pass,2026-07-21T20:43:38+00:00,2.013
R000518,S0018,T0018,6,pass,2026-07-21T20:43:40+00:00,2.593
R000519,S0019,T0019,6,pass,2026-07-21T20:43:43+00:00,2.637
R000520,S0020,T0020,6,pass,2026-07-21T20:43:45+00:00,2.222
R000521,S0021,T0021,6,pass,2026-07-21T20:43:47+00:00,2.867
R000522,S0022,T0022,6,pass,2026-07-21T20:43:50+00:00,2.292
R000523,S0023,T0023,6,pass,2026-07-21T20:43:53+00:00,2.846
R000524,S0024,T0024,6,pass,2026-07-21T20:43:55+00:00,2.612
R000525,S0025,T0025,6,pass,2026-07-21T20:43:58+00:00,2.398
R000526,S0026,T0026,6,pass,2026-07-21T20:44:00+00:00,2.926
R000527,S0027,T0027,6,pass,2026-07-21T20:44:03+00:00,2.448
R000528,S0028,T0028,6,pass,2026-07-21T20:44:06+00:00,2.784
R000529,S0029,T0029,6,pass,2026-07-21T20:44:09+00:00,2.805
R000530,S0030,T0030,6,pass,2026-07-21T20:44:11+00:00,2.969
R000531,S0031,T0031,6,pass,2026-07-21T20:44:14+00:00,2.911
R000532,S0032,T0032,6,pass,2026-07-21T20:44:17+00:00,2.192
R000533,S0033,T0033,6,pass,2026-07-21T20:44:19+00:00,2.214
R000534,S0034,T0034,6,pass,2026-07-21T20:44:22+00:00,2.602
R000535,S0035,T0035,6,pass,2026-07-21T20:44:24+00:00,2.598
R000536,S0036,T0036,6,pass,2026-07-21T20:44:27+00:00,2.339
R000537,S0037,T0037,6,pass,2026-07-21T20:44:29+00:00,2.815
R000538,S0038,T0038,6,pass,2026-07-21T20:44:32+00:00,2.588
R000539,S0039,T0039,6,pass,2026-07-21T20:44:35+00:00,2.32
R000540,S0040,T0040,6,pass,2026-07-21T20:44:37+00:00,2.507
R000541,S0041,T0041,6,pass,2026-07-21T20:44:39+00:00,2.831
R000542,S0042,T0042,6,pass,2026-07-21T20:44:42+00:00,2.68
R000543,S0043,T0043,6,pass,2026-07-21T20:44:45+00:00,2.364
R000544,S0044,T0044,6,pass,2026-07-21T20:44:47+00:00,2.008
R000545,S0045,T0045,6,pass,2026-07-21T20:44:49+00:00,2.845
R000546,S0046,T0046,6,pass,2026-07-21T20:44:52+00:00,2.592
R000547,S0047,T0047,6,pass,2026-07-21T20:44:55+00:00,2.445
R000548,S0048,T0048,6,pass,2026-07-21T20:44:57+00:00,2.797
R000549,S0049,T0049,6,pass,2026-07-21T20:45:00+00:00,2.015
R000550,S0050,T0050,6,pass,2026-07-21T20:45:02+00:00,2.073
R000551,S0051,T0051,6,pass,2026-07-21T20:45:04+00:00,2.018
R000552,S0052,T0052,6,pass,2026-07-21T20:45:06+00:00,2.736
R000553,S0053,T0053,6,pass,2026-07-21T20:45:09+00:00,2.968
R000554,S0054,T0054,6,pass,2026-07-21T20:45:12+00:00,2.867
R000555,S0055,T0055,6,pass,2026-07-21T20:45:15+00:00,2.396
R000556,S0056,T0056,6,pass,2026-07-21T20:45:17+00:00,2.935
R000557,S0057,T0057,6,pass,2026-07-21T20:45:20+00:00,2.66
R000558,S0058,T0058,6,pass,2026-07-21T20:45:23+00:00,2.789
R000559,S0059,T0059,6,pass,2026-07-21T20:45:26+00:00,2.378
R000560,S0060,T0060,6,pass,2026-07-21T20:45:28+00:00,2.031
R000561,S0061,T0061,6,pass,2026-07-21T20:45:30+00:00,2.661
R000562,S0062,T0062,6,pass,2026-07-21T20:45:33+00:00,2.433
R000563,S0063,T0063,6,pass,2026-07-21T20:45:35+00:00,2.366
R000564,S0064,T0064,6,pass,2026-07-21T20:45:37+00:00,2.931
R000565,S0065,T0065,6,pass,2026-07-21T20:45:40+00:00,2.102
R000566,S0066,T0066,6,pass,2026-07-21T20:45:42+00:00,2.374
R000567,S0067,T0067,6,pass,2026-07-21T20:45:45+00:00,2.543
R000568,S0068,T0068,6,pass,2026-07-21T20:45:47+00:00,2.123
R000569,S0069,T0069,6,pass,2026-07-21T20:45:49+00:00,2.108
R000570,S0070,T0070,6,pass,2026-07-21T20:45:52+00:00,2.286
R000571,S0071,T0071,6,pass,2026-07-21T20:45:54+00:00,2.643
R000572,S0072,T0072,6,pass,2026-07-21T20:45:57+00:00,2.441
R000573,S0073,T0073,6,pass,2026-07-21T20:45:59+00:00,2.424
R000574,S0074,T0074,6,pass,2026-07-21T20:46:01+00:00,2.403
R000575,S0075,T0075,6,pass,2026-07-21T20:46:04+00:00,2.334
R000576,S0076,T0076,6,pass,2026-07-21T20:46:06+00:00,3.001
R000577,S0077,T0077,6,pass,2026-07-21T20:46:09+00:00,2.285
R000578,S0078,T0078,6,pass,2026-07-21T20:46:11+00:00,2.917
R000579,S0079,T0079,6,pass,2026-07-21T20:46:14+00:00,2.633
R000580,S0080,T0080,6,pass,2026-07-21T20:46:17+00:00,2.454
R000581,S0081,T0081,6,pass,2026-07-21T20:46:19+00:00,2.45
R000582,S0082,T0082,6,pass,2026-07-21T20:46:22+00:00,2.446
R000583,S0083,T0083,6,pass,2026-07-21T20:46:24+00:00,2.501
R000584,S0084,T0084,6,pass,2026-07-21T20:46:27+00:00,2.997
R000585,S0085,T0085,6,pass,2026-07-21T20:46:30+00:00,2.765
R000586,S0086,T0086,6,pass,2026-07-21T20:46:33+00:00,2.243
R000587,S0087,T0087,6,pass,2026-07-21T20:46:35+00:00,2.039
R000588,S0088,T0088,6,pass,2026-07-21T20:46:37+00:00,2.84
R000589,S0089,T0089,6,pass,2026-07-21T20:46:40+00:00,2.302
R000590,S0090,T0090,6,pass,2026-07-21T20:46:42+00:00,2.103
R000591,S0091,T0091,6,pass,2026-07-21T20:46:44+00:00,2.277
R000592,S0092,T0092,6,pass,2026-07-21T20:46:46+00:00,2.672
R000593,S0093,T0093,6,pass,2026-07-21T20:46:49+00:00,2.275
R000594,S0094,T0094,6,pass,2026-07-21T20:46:51+00:00,2.501
R000595,S0095,T0095,6,pass,2026-07-21T20:46:54+00:00,2.783
R000596,S0096,T0096,6,pass,2026-07-21T20:46:57+00:00,2.617
R000597,S0097,T0097,6,pass,2026-07-21T20:46:59+00:00,2.037
R000598,S0098,T0098,6,pass,2026-07-21T20:47:01+00:00,2.973
R000599,S0099,T0099,6,pass,2026-07-21T20:47:04+00:00,2.658
R000600,S0100,T0100,6,pass,2026-07-21T20:47:07+00:00,2.744
R000601,S0001,T0001,7,pass,2026-07-21T20:47:10+00:00,2.052
R000602,S0002,T0002,7,pass,2026-07-21T20:47:12+00:00,2.893
R000603,S0003,T0003,7,pass,2026-07-21T20:47:15+00:00,2.741
R000604,S0004,T0004,7,pass,2026-07-21T20:47:17+00:00,2.287
R000605,S0005,T0005,7,pass,2026-07-21T20:47:20+00:00,2.693
R000606,S0006,T0006,7,pass,2026-07-21T20:47:22+00:00,2.223
R000607,S0007,T0007,7,pass,2026-07-21T20:47:25+00:00,2.726
R000608,S0008,T0008,7,pass,2026-07-21T20:47:27+00:00,2.088
R000609,S0009,T0009,7,pass,2026-07-21T20:47:29+00:00,2.358
R000610,S0010,T0010,7,pass,2026-07-21T20:47:32+00:00,2.502
R000611,S0011,T0011,7,pass,2026-07-21T20:47:34+00:00,2.733
R000612,S0012,T0012,7,pass,2026-07-21T20:47:37+00:00,2.672
R000613,S0013,T0013,7,pass,2026-07-21T20:47:40+00:00,2.298
R000614,S0014,T0014,7,pass,2026-07-21T20:47:42+00:00,2.514
R000615,S0015,T0015,7,pass,2026-07-21T20:47:45+00:00,2.259
R000616,S0016,T0016,7,pass,2026-07-21T20:47:47+00:00,2.737
R000617,S0017,T0017,7,pass,2026-07-21T20:47:50+00:00,2.461
R000618,S0018,T0018,7,pass,2026-07-21T20:47:52+00:00,2.491
R000619,S0019,T0019,7,pass,2026-07-21T20:47:54+00:00,2.015
R000620,S0020,T0020,7,pass,2026-07-21T20:47:56+00:00,2.328
R000621,S0021,T0021,7,pass,2026-07-21T20:47:59+00:00,2.039
R000622,S0022,T0022,7,pass,2026-07-21T20:48:01+00:00,2.997
R000623,S0023,T0023,7,pass,2026-07-21T20:48:04+00:00,2.012
R000624,S0024,T0024,7,pass,2026-07-21T20:48:06+00:00,2.385
R000625,S0025,T0025,7,pass,2026-07-21T20:48:08+00:00,2.006
R000626,S0026,T0026,7,pass,2026-07-21T20:48:10+00:00,2.718
R000627,S0027,T0027,7,pass,2026-07-21T20:48:13+00:00,2.096
R000628,S0028,T0028,7,pass,2026-07-21T20:48:15+00:00,2.423
R000629,S0029,T0029,7,pass,2026-07-21T20:48:18+00:00,2.605
R000630,S0030,T0030,7,pass,2026-07-21T20:48:20+00:00,2.817
R000631,S0031,T0031,7,pass,2026-07-21T20:48:23+00:00,2.988
R000632,S0032,T0032,7,pass,2026-07-21T20:48:26+00:00,2.169
R000633,S0033,T0033,7,pass,2026-07-21T20:48:28+00:00,2.714
R000634,S0034,T0034,7,pass,2026-07-21T20:48:31+00:00,2.14
R000635,S0035,T0035,7,pass,2026-07-21T20:48:33+00:00,2.089
R000636,S0036,T0036,7,pass,2026-07-21T20:48:35+00:00,2.482
R000637,S0037,T0037,7,pass,2026-07-21T20:48:38+00:00,2.579
R000638,S0038,T0038,7,pass,2026-07-21T20:48:40+00:00,2.291
R000639,S0039,T0039,7,pass,2026-07-21T20:48:42+00:00,2.269
R000640,S0040,T0040,7,pass,2026-07-21T20:48:45+00:00,2.097
R000641,S0041,T0041,7,pass,2026-07-21T20:48:47+00:00,2.501
R000642,S0042,T0042,7,pass,2026-07-21T20:48:49+00:00,2.592
R000643,S0043,T0043,7,pass,2026-07-21T20:48:52+00:00,2.602
R000644,S0044,T0044,7,pass,2026-07-21T20:48:54+00:00,2.159
R000645,S0045,T0045,7,pass,2026-07-21T20:48:57+00:00,2.808
R000646,S0046,T0046,7,pass,2026-07-21T20:48:59+00:00,2.062
R000647,S0047,T0047,7,pass,2026-07-21T20:49:01+00:00,2.064
R000648,S0048,T0048,7,pass,2026-07-21T20:49:04+00:00,2.706
R000649,S0049,T0049,7,pass,2026-07-21T20:49:06+00:00,2.926
R000650,S0050,T0050,7,pass,2026-07-21T20:49:09+00:00,2.961
R000651,S0051,T0051,7,pass,2026-07-21T20:49:12+00:00,2.933
R000652,S0052,T0052,7,pass,2026-07-21T20:49:15+00:00,2.638
R000653,S0053,T0053,7,pass,2026-07-21T20:49:18+00:00,2.098
R000654,S0054,T0054,7,pass,2026-07-21T20:49:20+00:00,2.356
R000655,S0055,T0055,7,pass,2026-07-21T20:49:22+00:00,2.262
R000656,S0056,T0056,7,pass,2026-07-21T20:49:24+00:00,2.008
R000657,S0057,T0057,7,pass,2026-07-21T20:49:26+00:00,2.283
R000658,S0058,T0058,7,pass,2026-07-21T20:49:29+00:00,2.956
R000659,S0059,T0059,7,pass,2026-07-21T20:49:32+00:00,2.307
R000660,S0060,T0060,7,pass,2026-07-21T20:49:34+00:00,2.194
R000661,S0061,T0061,7,pass,2026-07-21T20:49:36+00:00,2.619
R000662,S0062,T0062,7,pass,2026-07-21T20:49:39+00:00,2.342
R000663,S0063,T0063,7,pass,2026-07-21T20:49:41+00:00,2.83
R000664,S0064,T0064,7,pass,2026-07-21T20:49:44+00:00,2.486
R000665,S0065,T0065,7,pass,2026-07-21T20:49:47+00:00,2.192
R000666,S0066,T0066,7,pass,2026-07-21T20:49:49+00:00,2.295
R000667,S0067,T0067,7,pass,2026-07-21T20:49:51+00:00,2.212
R000668,S0068,T0068,7,pass,2026-07-21T20:49:53+00:00,2.317
R000669,S0069,T0069,7,pass,2026-07-21T20:49:56+00:00,2.267
R000670,S0070,T0070,7,pass,2026-07-21T20:49:58+00:00,2.644
R000671,S0071,T0071,7,pass,2026-07-21T20:50:00+00:00,2.483
R000672,S0072,T0072,7,pass,2026-07-21T20:50:03+00:00,2.339
R000673,S0073,T0073,7,pass,2026-07-21T20:50:05+00:00,2.963
R000674,S0074,T0074,7,pass,2026-07-21T20:50:08+00:00,2.37
R000675,S0075,T0075,7,pass,2026-07-21T20:50:11+00:00,2.569
R000676,S0076,T0076,7,pass,2026-07-21T20:50:13+00:00,2.466
R000677,S0077,T0077,7,pass,2026-07-21T20:50:16+00:00,2.269
R000678,S0078,T0078,7,pass,2026-07-21T20:50:18+00:00,2.448
R000679,S0079,T0079,7,pass,2026-07-21T20:50:20+00:00,2.794
R000680,S0080,T0080,7,pass,2026-07-21T20:50:23+00:00,2.444
R000681,S0081,T0081,7,pass,2026-07-21T20:50:26+00:00,2.712
R000682,S0082,T0082,7,pass,2026-07-21T20:50:28+00:00,2.319
R000683,S0083,T0083,7,pass,2026-07-21T20:50:31+00:00,2.457
R000684,S0084,T0084,7,pass,2026-07-21T20:50:33+00:00,2.905
R000685,S0085,T0085,7,pass,2026-07-21T20:50:36+00:00,2.925
R000686,S0086,T0086,7,pass,2026-07-21T20:50:39+00:00,2.139
R000687,S0087,T0087,7,pass,2026-07-21T20:50:41+00:00,2.073
R000688,S0088,T0088,7,pass,2026-07-21T20:50:43+00:00,2.45
R000689,S0089,T0089,7,pass,2026-07-21T20:50:46+00:00,2.279
R000690,S0090,T0090,7,pass,2026-07-21T20:50:48+00:00,2.165
R000691,S0091,T0091,7,pass,2026-07-21T20:50:50+00:00,2.596
R000692,S0092,T0092,7,pass,2026-07-21T20:50:53+00:00,2.081
R000693,S0093,T0093,7,pass,2026-07-21T20:50:55+00:00,2.415
R000694,S0094,T0094,7,pass,2026-07-21T20:50:57+00:00,2.723
R000695,S0095,T0095,7,pass,2026-07-21T20:51:00+00:00,2.636
R000696,S0096,T0096,7,pass,2026-07-21T20:51:03+00:00,2.786
R000697,S0097,T0097,7,pass,2026-07-21T20:51:05+00:00,2.205
R000698,S0098,T0098,7,pass,2026-07-21T20:51:08+00:00,2.287
R000699,S0099,T0099,7,pass,2026-07-21T20:51:10+00:00,2.444
R000700,S0100,T0100,7,pass,2026-07-21T20:51:12+00:00,2.866
R000701,S0001,T0001,8,pass,2026-07-21T20:51:15+00:00,2.845
R000702,S0002,T0002,8,pass,2026-07-21T20:51:18+00:00,2.26
R000703,S0003,T0003,8,pass,2026-07-21T20:51:20+00:00,2.264
R000704,S0004,T0004,8,pass,2026-07-21T20:51:22+00:00,2.485
R000705,S0005,T0005,8,pass,2026-07-21T20:51:25+00:00,2.512
R000706,S0006,T0006,8,pass,2026-07-21T20:51:28+00:00,2.009
R000707,S0007,T0007,8,pass,2026-07-21T20:51:30+00:00,2.945
R000708,S0008,T0008,8,pass,2026-07-21T20:51:32+00:00,2.046
R000709,S0009,T0009,8,pass,2026-07-21T20:51:35+00:00,2.147
R000710,S0010,T0010,8,pass,2026-07-21T20:51:37+00:00,2.521
R000711,S0011,T0011,8,pass,2026-07-21T20:51:39+00:00,2.115
R000712,S0012,T0012,8,pass,2026-07-21T20:51:41+00:00,2.618
R000713,S0013,T0013,8,pass,2026-07-21T20:51:44+00:00,2.299
R000714,S0014,T0014,8,pass,2026-07-21T20:51:46+00:00,2.81
R000715,S0015,T0015,8,pass,2026-07-21T20:51:49+00:00,2.13
R000716,S0016,T0016,8,pass,2026-07-21T20:51:51+00:00,2.692
R000717,S0017,T0017,8,pass,2026-07-21T20:51:54+00:00,2.974
R000718,S0018,T0018,8,pass,2026-07-21T20:51:57+00:00,2.85
R000719,S0019,T0019,8,pass,2026-07-21T20:52:00+00:00,2.168
R000720,S0020,T0020,8,pass,2026-07-21T20:52:02+00:00,2.113
R000721,S0021,T0021,8,pass,2026-07-21T20:52:04+00:00,2.424
R000722,S0022,T0022,8,pass,2026-07-21T20:52:06+00:00,2.324
R000723,S0023,T0023,8,pass,2026-07-21T20:52:09+00:00,2.83
R000724,S0024,T0024,8,pass,2026-07-21T20:52:12+00:00,2.267
R000725,S0025,T0025,8,pass,2026-07-21T20:52:14+00:00,2.897
R000726,S0026,T0026,8,pass,2026-07-21T20:52:17+00:00,2.899
R000727,S0027,T0027,8,pass,2026-07-21T20:52:20+00:00,2.464
R000728,S0028,T0028,8,pass,2026-07-21T20:52:22+00:00,2.784
R000729,S0029,T0029,8,pass,2026-07-21T20:52:25+00:00,2.188
R000730,S0030,T0030,8,pass,2026-07-21T20:52:27+00:00,2.39
R000731,S0031,T0031,8,pass,2026-07-21T20:52:29+00:00,2.595
R000732,S0032,T0032,8,pass,2026-07-21T20:52:32+00:00,2.921
R000733,S0033,T0033,8,pass,2026-07-21T20:52:35+00:00,2.557
R000734,S0034,T0034,8,pass,2026-07-21T20:52:38+00:00,2.402
R000735,S0035,T0035,8,pass,2026-07-21T20:52:40+00:00,2.587
R000736,S0036,T0036,8,pass,2026-07-21T20:52:43+00:00,2.947
R000737,S0037,T0037,8,pass,2026-07-21T20:52:45+00:00,2.137
R000738,S0038,T0038,8,pass,2026-07-21T20:52:48+00:00,2.495
R000739,S0039,T0039,8,pass,2026-07-21T20:52:50+00:00,2.295
R000740,S0040,T0040,8,pass,2026-07-21T20:52:52+00:00,2.439
R000741,S0041,T0041,8,pass,2026-07-21T20:52:55+00:00,2.306
R000742,S0042,T0042,8,pass,2026-07-21T20:52:57+00:00,2.947
R000743,S0043,T0043,8,pass,2026-07-21T20:53:00+00:00,2.798
R000744,S0044,T0044,8,pass,2026-07-21T20:53:03+00:00,2.891
R000745,S0045,T0045,8,pass,2026-07-21T20:53:06+00:00,2.873
R000746,S0046,T0046,8,pass,2026-07-21T20:53:09+00:00,2.588
R000747,S0047,T0047,8,pass,2026-07-21T20:53:11+00:00,2.368
R000748,S0048,T0048,8,pass,2026-07-21T20:53:14+00:00,2.779
R000749,S0049,T0049,8,pass,2026-07-21T20:53:16+00:00,2.055
R000750,S0050,T0050,8,pass,2026-07-21T20:53:18+00:00,2.731
R000751,S0051,T0051,8,pass,2026-07-21T20:53:21+00:00,2.61
R000752,S0052,T0052,8,pass,2026-07-21T20:53:24+00:00,2.527
R000753,S0053,T0053,8,pass,2026-07-21T20:53:26+00:00,2.007
R000754,S0054,T0054,8,pass,2026-07-21T20:53:28+00:00,2.264
R000755,S0055,T0055,8,pass,2026-07-21T20:53:31+00:00,2.504
R000756,S0056,T0056,8,pass,2026-07-21T20:53:33+00:00,2.373
R000757,S0057,T0057,8,pass,2026-07-21T20:53:36+00:00,2.249
R000758,S0058,T0058,8,pass,2026-07-21T20:53:38+00:00,2.945
R000759,S0059,T0059,8,pass,2026-07-21T20:53:41+00:00,2.909
R000760,S0060,T0060,8,pass,2026-07-21T20:53:44+00:00,2.546
R000761,S0061,T0061,8,pass,2026-07-21T20:53:46+00:00,2.188
R000762,S0062,T0062,8,pass,2026-07-21T20:53:48+00:00,2.43
R000763,S0063,T0063,8,pass,2026-07-21T20:53:51+00:00,2.909
R000764,S0064,T0064,8,pass,2026-07-21T20:53:54+00:00,2.375
R000765,S0065,T0065,8,pass,2026-07-21T20:53:56+00:00,2.517
R000766,S0066,T0066,8,pass,2026-07-21T20:53:59+00:00,2.831
R000767,S0067,T0067,8,pass,2026-07-21T20:54:01+00:00,2.686
R000768,S0068,T0068,8,pass,2026-07-21T20:54:04+00:00,2.597
R000769,S0069,T0069,8,pass,2026-07-21T20:54:07+00:00,2.561
R000770,S0070,T0070,8,pass,2026-07-21T20:54:09+00:00,2.237
R000771,S0071,T0071,8,pass,2026-07-21T20:54:12+00:00,2.512
R000772,S0072,T0072,8,pass,2026-07-21T20:54:14+00:00,2.667
R000773,S0073,T0073,8,pass,2026-07-21T20:54:17+00:00,2.578
R000774,S0074,T0074,8,pass,2026-07-21T20:54:19+00:00,2.297
R000775,S0075,T0075,8,pass,2026-07-21T20:54:22+00:00,2.659
R000776,S0076,T0076,8,pass,2026-07-21T20:54:24+00:00,2.136
R000777,S0077,T0077,8,pass,2026-07-21T20:54:26+00:00,2.86
R000778,S0078,T0078,8,pass,2026-07-21T20:54:29+00:00,2.662
R000779,S0079,T0079,8,pass,2026-07-21T20:54:32+00:00,2.421
R000780,S0080,T0080,8,pass,2026-07-21T20:54:34+00:00,2.933
R000781,S0081,T0081,8,pass,2026-07-21T20:54:37+00:00,2.829
R000782,S0082,T0082,8,pass,2026-07-21T20:54:40+00:00,2.288
R000783,S0083,T0083,8,pass,2026-07-21T20:54:42+00:00,2.954
R000784,S0084,T0084,8,pass,2026-07-21T20:54:45+00:00,2.34
R000785,S0085,T0085,8,pass,2026-07-21T20:54:48+00:00,2.673
R000786,S0086,T0086,8,pass,2026-07-21T20:54:50+00:00,2.079
R000787,S0087,T0087,8,pass,2026-07-21T20:54:52+00:00,2.836
R000788,S0088,T0088,8,pass,2026-07-21T20:54:55+00:00,2.345
R000789,S0089,T0089,8,pass,2026-07-21T20:54:58+00:00,2.089
R000790,S0090,T0090,8,pass,2026-07-21T20:55:00+00:00,2.774
R000791,S0091,T0091,8,pass,2026-07-21T20:55:02+00:00,2.865
R000792,S0092,T0092,8,pass,2026-07-21T20:55:05+00:00,2.901
R000793,S0093,T0093,8,pass,2026-07-21T20:55:08+00:00,2.254
R000794,S0094,T0094,8,pass,2026-07-21T20:55:11+00:00,2.914
R000795,S0095,T0095,8,pass,2026-07-21T20:55:13+00:00,2.111
R000796,S0096,T0096,8,pass,2026-07-21T20:55:16+00:00,2.778
R000797,S0097,T0097,8,pass,2026-07-21T20:55:18+00:00,2.588
R000798,S0098,T0098,8,pass,2026-07-21T20:55:21+00:00,2.245
R000799,S0099,T0099,8,pass,2026-07-21T20:55:23+00:00,2.577
R000800,S0100,T0100,8,pass,2026-07-21T20:55:26+00:00,2.807
R000801,S0001,T0001,9,pass,2026-07-21T20:55:29+00:00,2.628
R000802,S0002,T0002,9,pass,2026-07-21T20:55:31+00:00,2.245
R000803,S0003,T0003,9,pass,2026-07-21T20:55:33+00:00,2.634
R000804,S0004,T0004,9,pass,2026-07-21T20:55:36+00:00,2.394
R000805,S0005,T0005,9,pass,2026-07-21T20:55:38+00:00,2.474
R000806,S0006,T0006,9,pass,2026-07-21T20:55:41+00:00,2.159
R000807,S0007,T0007,9,pass,2026-07-21T20:55:43+00:00,2.558
R000808,S0008,T0008,9,pass,2026-07-21T20:55:46+00:00,2.407
R000809,S0009,T0009,9,pass,2026-07-21T20:55:48+00:00,2.776
R000810,S0010,T0010,9,pass,2026-07-21T20:55:51+00:00,2.386
R000811,S0011,T0011,9,pass,2026-07-21T20:55:53+00:00,2.983
R000812,S0012,T0012,9,pass,2026-07-21T20:55:56+00:00,2.943
R000813,S0013,T0013,9,pass,2026-07-21T20:55:59+00:00,2.968
R000814,S0014,T0014,9,pass,2026-07-21T20:56:02+00:00,2.897
R000815,S0015,T0015,9,pass,2026-07-21T20:56:05+00:00,2.316
R000816,S0016,T0016,9,pass,2026-07-21T20:56:07+00:00,2.992
R000817,S0017,T0017,9,pass,2026-07-21T20:56:10+00:00,2.166
R000818,S0018,T0018,9,pass,2026-07-21T20:56:13+00:00,2.77
R000819,S0019,T0019,9,pass,2026-07-21T20:56:15+00:00,2.146
R000820,S0020,T0020,9,pass,2026-07-21T20:56:17+00:00,2.241
R000821,S0021,T0021,9,pass,2026-07-21T20:56:20+00:00,2.737
R000822,S0022,T0022,9,pass,2026-07-21T20:56:22+00:00,2.333
R000823,S0023,T0023,9,pass,2026-07-21T20:56:25+00:00,2.33
R000824,S0024,T0024,9,pass,2026-07-21T20:56:27+00:00,2.87
R000825,S0025,T0025,9,pass,2026-07-21T20:56:30+00:00,2.937
R000826,S0026,T0026,9,pass,2026-07-21T20:56:33+00:00,2.082
R000827,S0027,T0027,9,pass,2026-07-21T20:56:35+00:00,2.569
R000828,S0028,T0028,9,pass,2026-07-21T20:56:38+00:00,2.836
R000829,S0029,T0029,9,pass,2026-07-21T20:56:40+00:00,2.563
R000830,S0030,T0030,9,pass,2026-07-21T20:56:43+00:00,2.613
R000831,S0031,T0031,9,pass,2026-07-21T20:56:46+00:00,2.63
R000832,S0032,T0032,9,pass,2026-07-21T20:56:48+00:00,2.111
R000833,S0033,T0033,9,pass,2026-07-21T20:56:50+00:00,2.017
R000834,S0034,T0034,9,pass,2026-07-21T20:56:52+00:00,2.988
R000835,S0035,T0035,9,pass,2026-07-21T20:56:55+00:00,2.259
R000836,S0036,T0036,9,pass,2026-07-21T20:56:58+00:00,2.455
R000837,S0037,T0037,9,pass,2026-07-21T20:57:00+00:00,2.965
R000838,S0038,T0038,9,pass,2026-07-21T20:57:03+00:00,2.395
R000839,S0039,T0039,9,pass,2026-07-21T20:57:05+00:00,2.34
R000840,S0040,T0040,9,pass,2026-07-21T20:57:08+00:00,2.727
R000841,S0041,T0041,9,pass,2026-07-21T20:57:10+00:00,2.904
R000842,S0042,T0042,9,pass,2026-07-21T20:57:13+00:00,2.595
R000843,S0043,T0043,9,pass,2026-07-21T20:57:16+00:00,2.488
R000844,S0044,T0044,9,pass,2026-07-21T20:57:18+00:00,2.868
R000845,S0045,T0045,9,pass,2026-07-21T20:57:21+00:00,2.76
R000846,S0046,T0046,9,pass,2026-07-21T20:57:24+00:00,2.875
R000847,S0047,T0047,9,pass,2026-07-21T20:57:27+00:00,2.421
R000848,S0048,T0048,9,pass,2026-07-21T20:57:29+00:00,2.523
R000849,S0049,T0049,9,pass,2026-07-21T20:57:32+00:00,2.948
R000850,S0050,T0050,9,pass,2026-07-21T20:57:35+00:00,2.438
R000851,S0051,T0051,9,pass,2026-07-21T20:57:37+00:00,2.282
R000852,S0052,T0052,9,pass,2026-07-21T20:57:40+00:00,2.397
R000853,S0053,T0053,9,pass,2026-07-21T20:57:42+00:00,2.227
R000854,S0054,T0054,9,pass,2026-07-21T20:57:44+00:00,2.551
R000855,S0055,T0055,9,pass,2026-07-21T20:57:47+00:00,2.275
R000856,S0056,T0056,9,pass,2026-07-21T20:57:49+00:00,2.261
R000857,S0057,T0057,9,pass,2026-07-21T20:57:51+00:00,2.339
R000858,S0058,T0058,9,pass,2026-07-21T20:57:54+00:00,2.777
R000859,S0059,T0059,9,pass,2026-07-21T20:57:56+00:00,2.405
R000860,S0060,T0060,9,pass,2026-07-21T20:57:59+00:00,2.519
R000861,S0061,T0061,9,pass,2026-07-21T20:58:01+00:00,2.533
R000862,S0062,T0062,9,pass,2026-07-21T20:58:04+00:00,2.638
R000863,S0063,T0063,9,pass,2026-07-21T20:58:07+00:00,2.817
R000864,S0064,T0064,9,pass,2026-07-21T20:58:09+00:00,2.507
R000865,S0065,T0065,9,pass,2026-07-21T20:58:12+00:00,2.236
R000866,S0066,T0066,9,pass,2026-07-21T20:58:14+00:00,2.764
R000867,S0067,T0067,9,pass,2026-07-21T20:58:17+00:00,2.922
R000868,S0068,T0068,9,pass,2026-07-21T20:58:20+00:00,2.174
R000869,S0069,T0069,9,pass,2026-07-21T20:58:22+00:00,2.083
R000870,S0070,T0070,9,pass,2026-07-21T20:58:24+00:00,2.301
R000871,S0071,T0071,9,pass,2026-07-21T20:58:26+00:00,2.236
R000872,S0072,T0072,9,pass,2026-07-21T20:58:29+00:00,2.429
R000873,S0073,T0073,9,pass,2026-07-21T20:58:31+00:00,2.388
R000874,S0074,T0074,9,pass,2026-07-21T20:58:33+00:00,2.681
R000875,S0075,T0075,9,pass,2026-07-21T20:58:36+00:00,2.935
R000876,S0076,T0076,9,pass,2026-07-21T20:58:39+00:00,2.905
R000877,S0077,T0077,9,pass,2026-07-21T20:58:42+00:00,2.845
R000878,S0078,T0078,9,pass,2026-07-21T20:58:45+00:00,2.895
R000879,S0079,T0079,9,pass,2026-07-21T20:58:48+00:00,2.241
R000880,S0080,T0080,9,pass,2026-07-21T20:58:50+00:00,2.739
R000881,S0081,T0081,9,pass,2026-07-21T20:58:53+00:00,2.927
R000882,S0082,T0082,9,pass,2026-07-21T20:58:56+00:00,2.096
R000883,S0083,T0083,9,pass,2026-07-21T20:58:58+00:00,2.72
R000884,S0084,T0084,9,pass,2026-07-21T20:59:00+00:00,2.767
R000885,S0085,T0085,9,pass,2026-07-21T20:59:03+00:00,2.175
R000886,S0086,T0086,9,pass,2026-07-21T20:59:05+00:00,2.088
R000887,S0087,T0087,9,pass,2026-07-21T20:59:07+00:00,2.391
R000888,S0088,T0088,9,pass,2026-07-21T20:59:10+00:00,2.303
R000889,S0089,T0089,9,pass,2026-07-21T20:59:12+00:00,2.477
R000890,S0090,T0090,9,pass,2026-07-21T20:59:15+00:00,2.126
R000891,S0091,T0091,9,pass,2026-07-21T20:59:17+00:00,2.078
R000892,S0092,T0092,9,pass,2026-07-21T20:59:19+00:00,2.767
R000893,S0093,T0093,9,pass,2026-07-21T20:59:22+00:00,2.561
R000894,S0094,T0094,9,pass,2026-07-21T20:59:24+00:00,2.33
R000895,S0095,T0095,9,pass,2026-07-21T20:59:27+00:00,2.154
R000896,S0096,T0096,9,pass,2026-07-21T20:59:29+00:00,2.172
R000897,S0097,T0097,9,pass,2026-07-21T20:59:31+00:00,2.119
R000898,S0098,T0098,9,pass,2026-07-21T20:59:33+00:00,2.581
R000899,S0099,T0099,9,pass,2026-07-21T20:59:36+00:00,2.955
R000900,S0100,T0100,9,pass,2026-07-21T20:59:39+00:00,2.557
R000901,S0001,T0001,10,pass,2026-07-21T20:59:41+00:00,2.326
R000902,S0002,T0002,10,pass,2026-07-21T20:59:43+00:00,2.795
R000903,S0003,T0003,10,pass,2026-07-21T20:59:46+00:00,2.853
R000904,S0004,T0004,10,pass,2026-07-21T20:59:49+00:00,2.565
R000905,S0005,T0005,10,pass,2026-07-21T20:59:52+00:00,2.608
R000906,S0006,T0006,10,pass,2026-07-21T20:59:54+00:00,2.443
R000907,S0007,T0007,10,pass,2026-07-21T20:59:57+00:00,2.395
R000908,S0008,T0008,10,pass,2026-07-21T20:59:59+00:00,2.998
R000909,S0009,T0009,10,pass,2026-07-21T21:00:02+00:00,2.618
R000910,S0010,T0010,10,pass,2026-07-21T21:00:05+00:00,2.767
R000911,S0011,T0011,10,pass,2026-07-21T21:00:07+00:00,2.882
R000912,S0012,T0012,10,pass,2026-07-21T21:00:10+00:00,2.524
R000913,S0013,T0013,10,pass,2026-07-21T21:00:13+00:00,2.616
R000914,S0014,T0014,10,pass,2026-07-21T21:00:15+00:00,2.089
R000915,S0015,T0015,10,pass,2026-07-21T21:00:18+00:00,2.755
R000916,S0016,T0016,10,pass,2026-07-21T21:00:20+00:00,2.006
R000917,S0017,T0017,10,pass,2026-07-21T21:00:22+00:00,2.42
R000918,S0018,T0018,10,pass,2026-07-21T21:00:25+00:00,2.296
R000919,S0019,T0019,10,pass,2026-07-21T21:00:27+00:00,2.809
R000920,S0020,T0020,10,pass,2026-07-21T21:00:30+00:00,2.373
R000921,S0021,T0021,10,pass,2026-07-21T21:00:32+00:00,2.158
R000922,S0022,T0022,10,pass,2026-07-21T21:00:34+00:00,2.705
R000923,S0023,T0023,10,pass,2026-07-21T21:00:37+00:00,2.008
R000924,S0024,T0024,10,pass,2026-07-21T21:00:39+00:00,2.319
R000925,S0025,T0025,10,pass,2026-07-21T21:00:41+00:00,2.346
R000926,S0026,T0026,10,pass,2026-07-21T21:00:44+00:00,2.187
R000927,S0027,T0027,10,pass,2026-07-21T21:00:46+00:00,2.903
R000928,S0028,T0028,10,pass,2026-07-21T21:00:49+00:00,2.999
R000929,S0029,T0029,10,pass,2026-07-21T21:00:52+00:00,2.194
R000930,S0030,T0030,10,pass,2026-07-21T21:00:54+00:00,2.999
R000931,S0031,T0031,10,pass,2026-07-21T21:00:57+00:00,2.336
R000932,S0032,T0032,10,pass,2026-07-21T21:00:59+00:00,2.625
R000933,S0033,T0033,10,pass,2026-07-21T21:01:02+00:00,2.459
R000934,S0034,T0034,10,pass,2026-07-21T21:01:05+00:00,2.424
R000935,S0035,T0035,10,pass,2026-07-21T21:01:07+00:00,2.893
R000936,S0036,T0036,10,pass,2026-07-21T21:01:10+00:00,2.219
R000937,S0037,T0037,10,pass,2026-07-21T21:01:12+00:00,2.359
R000938,S0038,T0038,10,pass,2026-07-21T21:01:14+00:00,2.078
R000939,S0039,T0039,10,pass,2026-07-21T21:01:16+00:00,2.631
R000940,S0040,T0040,10,pass,2026-07-21T21:01:19+00:00,2.324
R000941,S0041,T0041,10,pass,2026-07-21T21:01:21+00:00,2.165
R000942,S0042,T0042,10,pass,2026-07-21T21:01:24+00:00,2.775
R000943,S0043,T0043,10,pass,2026-07-21T21:01:26+00:00,2.115
R000944,S0044,T0044,10,pass,2026-07-21T21:01:29+00:00,2.429
R000945,S0045,T0045,10,pass,2026-07-21T21:01:31+00:00,2.707
R000946,S0046,T0046,10,pass,2026-07-21T21:01:34+00:00,2.201
R000947,S0047,T0047,10,pass,2026-07-21T21:01:36+00:00,2.945
R000948,S0048,T0048,10,pass,2026-07-21T21:01:39+00:00,2.064
R000949,S0049,T0049,10,pass,2026-07-21T21:01:41+00:00,2.751
R000950,S0050,T0050,10,pass,2026-07-21T21:01:44+00:00,2.846
R000951,S0051,T0051,10,pass,2026-07-21T21:01:46+00:00,2.057
R000952,S0052,T0052,10,pass,2026-07-21T21:01:49+00:00,2.491
R000953,S0053,T0053,10,pass,2026-07-21T21:01:51+00:00,2.093
R000954,S0054,T0054,10,pass,2026-07-21T21:01:53+00:00,2.2
R000955,S0055,T0055,10,pass,2026-07-21T21:01:55+00:00,2.512
R000956,S0056,T0056,10,pass,2026-07-21T21:01:58+00:00,2.991
R000957,S0057,T0057,10,pass,2026-07-21T21:02:01+00:00,2.458
R000958,S0058,T0058,10,pass,2026-07-21T21:02:03+00:00,2.694
R000959,S0059,T0059,10,pass,2026-07-21T21:02:06+00:00,2.989
R000960,S0060,T0060,10,pass,2026-07-21T21:02:09+00:00,2.31
R000961,S0061,T0061,10,pass,2026-07-21T21:02:11+00:00,2.544
R000962,S0062,T0062,10,pass,2026-07-21T21:02:14+00:00,2.999
R000963,S0063,T0063,10,pass,2026-07-21T21:02:17+00:00,2.537
R000964,S0064,T0064,10,pass,2026-07-21T21:02:19+00:00,2.962
R000965,S0065,T0065,10,pass,2026-07-21T21:02:22+00:00,2.262
R000966,S0066,T0066,10,pass,2026-07-21T21:02:25+00:00,2.376
R000967,S0067,T0067,10,pass,2026-07-21T21:02:27+00:00,2.819
R000968,S0068,T0068,10,pass,2026-07-21T21:02:30+00:00,2.224
R000969,S0069,T0069,10,pass,2026-07-21T21:02:32+00:00,2.999
R000970,S0070,T0070,10,pass,2026-07-21T21:02:35+00:00,2.146
R000971,S0071,T0071,10,pass,2026-07-21T21:02:37+00:00,2.744
R000972,S0072,T0072,10,pass,2026-07-21T21:02:40+00:00,2.746
R000973,S0073,T0073,10,pass,2026-07-21T21:02:43+00:00,2.83
R000974,S0074,T0074,10,pass,2026-07-21T21:02:46+00:00,2.466
R000975,S0075,T0075,10,pass,2026-07-21T21:02:48+00:00,2.692
R000976,S0076,T0076,10,pass,2026-07-21T21:02:51+00:00,2.461
R000977,S0077,T0077,10,pass,2026-07-21T21:02:53+00:00,2.057
R000978,S0078,T0078,10,pass,2026-07-21T21:02:55+00:00,2.684
R000979,S0079,T0079,10,pass,2026-07-21T21:02:58+00:00,2.087
R000980,S0080,T0080,10,pass,2026-07-21T21:03:00+00:00,2.41
R000981,S0081,T0081,10,pass,2026-07-21T21:03:02+00:00,2.927
R000982,S0082,T0082,10,pass,2026-07-21T21:03:05+00:00,2.618
R000983,S0083,T0083,10,pass,2026-07-21T21:03:08+00:00,2.683
R000984,S0084,T0084,10,pass,2026-07-21T21:03:11+00:00,2.919
R000985,S0085,T0085,10,pass,2026-07-21T21:03:14+00:00,2.603
R000986,S0086,T0086,10,pass,2026-07-21T21:03:16+00:00,2.106
R000987,S0087,T0087,10,pass,2026-07-21T21:03:18+00:00,2.477
R000988,S0088,T0088,10,pass,2026-07-21T21:03:21+00:00,2.702
R000989,S0089,T0089,10,pass,2026-07-21T21:03:23+00:00,2.332
R000990,S0090,T0090,10,pass,2026-07-21T21:03:26+00:00,2.27
R000991,S0091,T0091,10,pass,2026-07-21T21:03:28+00:00,2.855
R000992,S0092,T0092,10,pass,2026-07-21T21:03:31+00:00,2.239
R000993,S0093,T0093,10,pass,2026-07-21T21:03:33+00:00,2.601
R000994,S0094,T0094,10,pass,2026-07-21T21:03:36+00:00,2.357
R000995,S0095,T0095,10,pass,2026-07-21T21:03:38+00:00,2.651
R000996,S0096,T0096,10,pass,2026-07-21T21:03:41+00:00,2.735
R000997,S0097,T0097,10,pass,2026-07-21T21:03:43+00:00,2.828
R000998,S0098,T0098,10,pass,2026-07-21T21:03:46+00:00,2.093
R000999,S0099,T0099,10,pass,2026-07-21T21:03:48+00:00,2.474
R001000,S0100,T0100,10,pass,2026-07-21T21:03:51+00:00,2.834
